=== build ===
$ npm run --silent build
   ▲ Next.js 15.5.23

   Creating an optimized production build ...
 ✓ Compiled successfully in 7.4s
   Linting and checking validity of types ...

./app/(jobs)/viec-lam/[slug]/page.tsx
75:10  Warning: 'ContentSection' is defined but never used. Allowed unused vars must match /^_/u.  @typescript-eslint/no-unused-vars

./app/admin/job-openings/[id]/job-opening-actions.test.tsx
31:5  Warning: 'capturedFetchInit' is assigned a value but never used. Allowed unused vars must match /^_/u.  @typescript-eslint/no-unused-vars

./app/admin/job-openings/[id]/page.test.tsx
32:21  Warning: Unexpected any. Specify a different type.  @typescript-eslint/no-explicit-any
57:16  Warning: Unexpected any. Specify a different type.  @typescript-eslint/no-explicit-any
86:68  Warning: Unexpected any. Specify a different type.  @typescript-eslint/no-explicit-any
88:64  Warning: Unexpected any. Specify a different type.  @typescript-eslint/no-explicit-any
115:47  Warning: Unexpected any. Specify a different type.  @typescript-eslint/no-explicit-any
115:59  Warning: Unexpected any. Specify a different type.  @typescript-eslint/no-explicit-any

./app/admin/jobs/page.tsx
126:44  Warning: Unexpected any. Specify a different type.  @typescript-eslint/no-explicit-any

./app/admin/labor-profiles/new/page.tsx
17:58  Warning: Unexpected any. Specify a different type.  @typescript-eslint/no-explicit-any
69:19  Warning: Unexpected any. Specify a different type.  @typescript-eslint/no-explicit-any

./app/admin/labor-profiles/page.tsx
2:10  Warning: 'notFound' is defined but never used. Allowed unused vars must match /^_/u.  @typescript-eslint/no-unused-vars
37:93  Warning: Unexpected any. Specify a different type.  @typescript-eslint/no-explicit-any
42:55  Warning: Unexpected any. Specify a different type.  @typescript-eslint/no-explicit-any
43:48  Warning: Unexpected any. Specify a different type.  @typescript-eslint/no-explicit-any

./app/admin/labor-profiles/[id]/handling-assignment-manager.tsx
83:19  Warning: Unexpected any. Specify a different type.  @typescript-eslint/no-explicit-any
99:57  Warning: Unexpected any. Specify a different type.  @typescript-eslint/no-explicit-any
172:32  Warning: 'i' is defined but never used. Allowed unused args must match /^_/u.  @typescript-eslint/no-unused-vars

./app/admin/labor-profiles/[id]/page.tsx
33:55  Warning: Unexpected any. Specify a different type.  @typescript-eslint/no-explicit-any
34:49  Warning: Unexpected any. Specify a different type.  @typescript-eslint/no-explicit-any

./app/api/admin/commission-ledger/[id]/[action]/route.ts
18:3  Warning: 'applyReversal' is defined but never used. Allowed unused vars must match /^_/u.  @typescript-eslint/no-unused-vars
29:6  Warning: 'Action' is defined but never used. Allowed unused vars must match /^_/u.  @typescript-eslint/no-unused-vars

./app/api/admin/handling-assignable-users/route.ts
8:27  Warning: 'req' is defined but never used. Allowed unused args must match /^_/u.  @typescript-eslint/no-unused-vars

./app/api/admin/labor-profiles/route.ts
6:10  Warning: 'createOrMatchLaborProfile' is defined but never used. Allowed unused vars must match /^_/u.  @typescript-eslint/no-unused-vars
29:47  Warning: Unexpected any. Specify a different type.  @typescript-eslint/no-explicit-any
87:15  Warning: Unexpected any. Specify a different type.  @typescript-eslint/no-explicit-any

./app/api/admin/labor-profiles/[id]/handling-assignments/route.test.ts
31:71  Warning: Unexpected any. Specify a different type.  @typescript-eslint/no-explicit-any
35:83  Warning: Unexpected any. Specify a different type.  @typescript-eslint/no-explicit-any
94:39  Warning: Unexpected any. Specify a different type.  @typescript-eslint/no-explicit-any
96:10  Warning: Unexpected any. Specify a different type.  @typescript-eslint/no-explicit-any

./app/api/admin/labor-profiles/[id]/handling-assignments/route.ts
80:17  Warning: Unexpected any. Specify a different type.  @typescript-eslint/no-explicit-any

./app/api/admin/recruiter-workbench/route.test.ts
97:7  Warning: 'mockedDbContext' is assigned a value but never used. Allowed unused vars must match /^_/u.  @typescript-eslint/no-unused-vars

./app/api/admin/recruiter-workbench/route.ts
79:9  Warning: 'rawHandlerUserId' is assigned a value but never used. Allowed unused vars must match /^_/u.  @typescript-eslint/no-unused-vars

./app/api/admin/staffing/job-openings/[id]/classify/route.test.ts
216:35  Warning: Unexpected any. Specify a different type.  @typescript-eslint/no-explicit-any
218:10  Warning: Unexpected any. Specify a different type.  @typescript-eslint/no-explicit-any
239:35  Warning: Unexpected any. Specify a different type.  @typescript-eslint/no-explicit-any
241:10  Warning: Unexpected any. Specify a different type.  @typescript-eslint/no-explicit-any
249:35  Warning: Unexpected any. Specify a different type.  @typescript-eslint/no-explicit-any
251:10  Warning: Unexpected any. Specify a different type.  @typescript-eslint/no-explicit-any
262:35  Warning: Unexpected any. Specify a different type.  @typescript-eslint/no-explicit-any
264:10  Warning: Unexpected any. Specify a different type.  @typescript-eslint/no-explicit-any
270:35  Warning: Unexpected any. Specify a different type.  @typescript-eslint/no-explicit-any
272:10  Warning: Unexpected any. Specify a different type.  @typescript-eslint/no-explicit-any
281:35  Warning: Unexpected any. Specify a different type.  @typescript-eslint/no-explicit-any
283:10  Warning: Unexpected any. Specify a different type.  @typescript-eslint/no-explicit-any
290:35  Warning: Unexpected any. Specify a different type.  @typescript-eslint/no-explicit-any
292:10  Warning: Unexpected any. Specify a different type.  @typescript-eslint/no-explicit-any
301:35  Warning: Unexpected any. Specify a different type.  @typescript-eslint/no-explicit-any
303:10  Warning: Unexpected any. Specify a different type.  @typescript-eslint/no-explicit-any
310:35  Warning: Unexpected any. Specify a different type.  @typescript-eslint/no-explicit-any
312:10  Warning: Unexpected any. Specify a different type.  @typescript-eslint/no-explicit-any
319:35  Warning: Unexpected any. Specify a different type.  @typescript-eslint/no-explicit-any
321:10  Warning: Unexpected any. Specify a different type.  @typescript-eslint/no-explicit-any
331:35  Warning: Unexpected any. Specify a different type.  @typescript-eslint/no-explicit-any
333:10  Warning: Unexpected any. Specify a different type.  @typescript-eslint/no-explicit-any
347:35  Warning: Unexpected any. Specify a different type.  @typescript-eslint/no-explicit-any
349:10  Warning: Unexpected any. Specify a different type.  @typescript-eslint/no-explicit-any
359:77  Warning: Unexpected any. Specify a different type.  @typescript-eslint/no-explicit-any
360:54  Warning: Unexpected any. Specify a different type.  @typescript-eslint/no-explicit-any
368:77  Warning: Unexpected any. Specify a different type.  @typescript-eslint/no-explicit-any
369:54  Warning: Unexpected any. Specify a different type.  @typescript-eslint/no-explicit-any
382:77  Warning: Unexpected any. Specify a different type.  @typescript-eslint/no-explicit-any
383:54  Warning: Unexpected any. Specify a different type.  @typescript-eslint/no-explicit-any
388:75  Warning: Unexpected any. Specify a different type.  @typescript-eslint/no-explicit-any
389:54  Warning: Unexpected any. Specify a different type.  @typescript-eslint/no-explicit-any
404:35  Warning: Unexpected any. Specify a different type.  @typescript-eslint/no-explicit-any
406:10  Warning: Unexpected any. Specify a different type.  @typescript-eslint/no-explicit-any
421:35  Warning: Unexpected any. Specify a different type.  @typescript-eslint/no-explicit-any
423:10  Warning: Unexpected any. Specify a different type.  @typescript-eslint/no-explicit-any

./app/api/admin/staffing/job-openings/[id]/open/route.test.ts
197:35  Warning: Unexpected any. Specify a different type.  @typescript-eslint/no-explicit-any
199:10  Warning: Unexpected any. Specify a different type.  @typescript-eslint/no-explicit-any
218:35  Warning: Unexpected any. Specify a different type.  @typescript-eslint/no-explicit-any
220:10  Warning: Unexpected any. Specify a different type.  @typescript-eslint/no-explicit-any
228:35  Warning: Unexpected any. Specify a different type.  @typescript-eslint/no-explicit-any
230:10  Warning: Unexpected any. Specify a different type.  @typescript-eslint/no-explicit-any
238:35  Warning: Unexpected any. Specify a different type.  @typescript-eslint/no-explicit-any
240:10  Warning: Unexpected any. Specify a different type.  @typescript-eslint/no-explicit-any
248:35  Warning: Unexpected any. Specify a different type.  @typescript-eslint/no-explicit-any
250:10  Warning: Unexpected any. Specify a different type.  @typescript-eslint/no-explicit-any
257:35  Warning: Unexpected any. Specify a different type.  @typescript-eslint/no-explicit-any
259:10  Warning: Unexpected any. Specify a different type.  @typescript-eslint/no-explicit-any
265:35  Warning: Unexpected any. Specify a different type.  @typescript-eslint/no-explicit-any
267:10  Warning: Unexpected any. Specify a different type.  @typescript-eslint/no-explicit-any
276:35  Warning: Unexpected any. Specify a different type.  @typescript-eslint/no-explicit-any
278:10  Warning: Unexpected any. Specify a different type.  @typescript-eslint/no-explicit-any
287:35  Warning: Unexpected any. Specify a different type.  @typescript-eslint/no-explicit-any
289:10  Warning: Unexpected any. Specify a different type.  @typescript-eslint/no-explicit-any
302:35  Warning: Unexpected any. Specify a different type.  @typescript-eslint/no-explicit-any
304:10  Warning: Unexpected any. Specify a different type.  @typescript-eslint/no-explicit-any
315:35  Warning: Unexpected any. Specify a different type.  @typescript-eslint/no-explicit-any
317:10  Warning: Unexpected any. Specify a different type.  @typescript-eslint/no-explicit-any
328:35  Warning: Unexpected any. Specify a different type.  @typescript-eslint/no-explicit-any
330:10  Warning: Unexpected any. Specify a different type.  @typescript-eslint/no-explicit-any
342:35  Warning: Unexpected any. Specify a different type.  @typescript-eslint/no-explicit-any
344:10  Warning: Unexpected any. Specify a different type.  @typescript-eslint/no-explicit-any
356:35  Warning: Unexpected any. Specify a different type.  @typescript-eslint/no-explicit-any
358:10  Warning: Unexpected any. Specify a different type.  @typescript-eslint/no-explicit-any
373:35  Warning: Unexpected any. Specify a different type.  @typescript-eslint/no-explicit-any
375:10  Warning: Unexpected any. Specify a different type.  @typescript-eslint/no-explicit-any
388:35  Warning: Unexpected any. Specify a different type.  @typescript-eslint/no-explicit-any
390:10  Warning: Unexpected any. Specify a different type.  @typescript-eslint/no-explicit-any
399:40  Warning: Unexpected any. Specify a different type.  @typescript-eslint/no-explicit-any
400:54  Warning: Unexpected any. Specify a different type.  @typescript-eslint/no-explicit-any
409:40  Warning: Unexpected any. Specify a different type.  @typescript-eslint/no-explicit-any
410:54  Warning: Unexpected any. Specify a different type.  @typescript-eslint/no-explicit-any
421:40  Warning: Unexpected any. Specify a different type.  @typescript-eslint/no-explicit-any
422:54  Warning: Unexpected any. Specify a different type.  @typescript-eslint/no-explicit-any
426:40  Warning: Unexpected any. Specify a different type.  @typescript-eslint/no-explicit-any
427:54  Warning: Unexpected any. Specify a different type.  @typescript-eslint/no-explicit-any
440:35  Warning: Unexpected any. Specify a different type.  @typescript-eslint/no-explicit-any
442:10  Warning: Unexpected any. Specify a different type.  @typescript-eslint/no-explicit-any
457:35  Warning: Unexpected any. Specify a different type.  @typescript-eslint/no-explicit-any
459:10  Warning: Unexpected any. Specify a different type.  @typescript-eslint/no-explicit-any

./app/api/attendance/import/route.ts
104:66  Warning: Unexpected any. Specify a different type.  @typescript-eslint/no-explicit-any

./app/api/attendance/timesheets/route.ts
49:69  Warning: Unexpected any. Specify a different type.  @typescript-eslint/no-explicit-any

./app/api/attendance/timesheets/[id]/route.ts
76:61  Warning: Unexpected any. Specify a different type.  @typescript-eslint/no-explicit-any

./app/api/clients/route.ts
131:17  Warning: Unexpected any. Specify a different type.  @typescript-eslint/no-explicit-any

./app/api/clients/[id]/route.ts
82:17  Warning: Unexpected any. Specify a different type.  @typescript-eslint/no-explicit-any

./app/api/disputes/route.ts
109:69  Warning: Unexpected any. Specify a different type.  @typescript-eslint/no-explicit-any
109:80  Warning: Unexpected any. Specify a different type.  @typescript-eslint/no-explicit-any

./app/api/projects/route.ts
193:17  Warning: Unexpected any. Specify a different type.  @typescript-eslint/no-explicit-any

./app/api/projects/[id]/route.ts
82:17  Warning: Unexpected any. Specify a different type.  @typescript-eslint/no-explicit-any

./app/api/staffing/orders/route.ts
26:3  Warning: 'updateStaffingOrderStatus' is defined but never used. Allowed unused vars must match /^_/u.  @typescript-eslint/no-unused-vars

./app/api/staffing/orders/[id]/route.ts
117:63  Warning: Unexpected any. Specify a different type.  @typescript-eslint/no-explicit-any
139:65  Warning: Unexpected any. Specify a different type.  @typescript-eslint/no-explicit-any

./app/api/tickets/route.ts
89:61  Warning: Unexpected any. Specify a different type.  @typescript-eslint/no-explicit-any
93:46  Warning: Unexpected any. Specify a different type.  @typescript-eslint/no-explicit-any
98:52  Warning: Unexpected any. Specify a different type.  @typescript-eslint/no-explicit-any

./app/api/vendors/route.ts
105:17  Warning: Unexpected any. Specify a different type.  @typescript-eslint/no-explicit-any

./app/api/vendors/[id]/route.ts
62:17  Warning: Unexpected any. Specify a different type.  @typescript-eslint/no-explicit-any

./app/api/worker/checkins/route.ts
141:17  Warning: Unexpected any. Specify a different type.  @typescript-eslint/no-explicit-any

./app/api/workers/route.ts
149:17  Warning: Unexpected any. Specify a different type.  @typescript-eslint/no-explicit-any

./app/api/workers/[id]/route.ts
69:17  Warning: Unexpected any. Specify a different type.  @typescript-eslint/no-explicit-any

./app/components/GlobalNavbar.tsx
59:10  Warning: 'mobileOpen' is assigned a value but never used. Allowed unused vars must match /^_/u.  @typescript-eslint/no-unused-vars
59:22  Warning: 'setMobileOpen' is assigned a value but never used. Allowed unused vars must match /^_/u.  @typescript-eslint/no-unused-vars

./app/worker/page.tsx
202:63  Warning: Unexpected any. Specify a different type.  @typescript-eslint/no-explicit-any

./src/db/engine-client.test.ts
1:32  Warning: 'beforeEach' is defined but never used. Allowed unused vars must match /^_/u.  @typescript-eslint/no-unused-vars

./src/domains/applications/application-queue.service.test.ts
16:3  Warning: 'AdminApplicationError' is defined but never used. Allowed unused vars must match /^_/u.  @typescript-eslint/no-unused-vars
31:37  Warning: Unexpected any. Specify a different type.  @typescript-eslint/no-explicit-any
32:34  Warning: Unexpected any. Specify a different type.  @typescript-eslint/no-explicit-any
33:38  Warning: Unexpected any. Specify a different type.  @typescript-eslint/no-explicit-any
42:34  Warning: Unexpected any. Specify a different type.  @typescript-eslint/no-explicit-any
51:34  Warning: Unexpected any. Specify a different type.  @typescript-eslint/no-explicit-any
64:61  Warning: Unexpected any. Specify a different type.  @typescript-eslint/no-explicit-any
105:50  Warning: Unexpected any. Specify a different type.  @typescript-eslint/no-explicit-any
115:45  Warning: Unexpected any. Specify a different type.  @typescript-eslint/no-explicit-any
116:49  Warning: Unexpected any. Specify a different type.  @typescript-eslint/no-explicit-any
117:56  Warning: Unexpected any. Specify a different type.  @typescript-eslint/no-explicit-any
131:53  Warning: Unexpected any. Specify a different type.  @typescript-eslint/no-explicit-any
146:36  Warning: Unexpected any. Specify a different type.  @typescript-eslint/no-explicit-any
156:36  Warning: Unexpected any. Specify a different type.  @typescript-eslint/no-explicit-any
164:36  Warning: Unexpected any. Specify a different type.  @typescript-eslint/no-explicit-any
173:36  Warning: Unexpected any. Specify a different type.  @typescript-eslint/no-explicit-any
185:47  Warning: Unexpected any. Specify a different type.  @typescript-eslint/no-explicit-any
194:55  Warning: Unexpected any. Specify a different type.  @typescript-eslint/no-explicit-any
214:59  Warning: Unexpected any. Specify a different type.  @typescript-eslint/no-explicit-any
233:59  Warning: Unexpected any. Specify a different type.  @typescript-eslint/no-explicit-any
242:43  Warning: Unexpected any. Specify a different type.  @typescript-eslint/no-explicit-any
253:43  Warning: Unexpected any. Specify a different type.  @typescript-eslint/no-explicit-any
262:43  Warning: Unexpected any. Specify a different type.  @typescript-eslint/no-explicit-any

./src/domains/applications/apply-helpers.ts
22:38  Warning: Unnecessary escape character: \-.  no-useless-escape

./src/domains/applications/conversion.service.test.ts
60:51  Warning: Unexpected any. Specify a different type.  @typescript-eslint/no-explicit-any
92:36  Warning: Unexpected any. Specify a different type.  @typescript-eslint/no-explicit-any
106:43  Warning: Unexpected any. Specify a different type.  @typescript-eslint/no-explicit-any
117:51  Warning: Unexpected any. Specify a different type.  @typescript-eslint/no-explicit-any
130:43  Warning: Unexpected any. Specify a different type.  @typescript-eslint/no-explicit-any
141:43  Warning: Unexpected any. Specify a different type.  @typescript-eslint/no-explicit-any
153:51  Warning: Unexpected any. Specify a different type.  @typescript-eslint/no-explicit-any
163:43  Warning: Unexpected any. Specify a different type.  @typescript-eslint/no-explicit-any
168:48  Warning: Unexpected any. Specify a different type.  @typescript-eslint/no-explicit-any
170:48  Warning: Unexpected any. Specify a different type.  @typescript-eslint/no-explicit-any
172:97  Warning: Unexpected any. Specify a different type.  @typescript-eslint/no-explicit-any
174:48  Warning: Unexpected any. Specify a different type.  @typescript-eslint/no-explicit-any
176:64  Warning: Unexpected any. Specify a different type.  @typescript-eslint/no-explicit-any
192:53  Warning: Unexpected any. Specify a different type.  @typescript-eslint/no-explicit-any
210:53  Warning: Unexpected any. Specify a different type.  @typescript-eslint/no-explicit-any
227:53  Warning: Unexpected any. Specify a different type.  @typescript-eslint/no-explicit-any
241:34  Warning: Unexpected any. Specify a different type.  @typescript-eslint/no-explicit-any
256:53  Warning: Unexpected any. Specify a different type.  @typescript-eslint/no-explicit-any
268:53  Warning: Unexpected any. Specify a different type.  @typescript-eslint/no-explicit-any
286:53  Warning: Unexpected any. Specify a different type.  @typescript-eslint/no-explicit-any
298:34  Warning: Unexpected any. Specify a different type.  @typescript-eslint/no-explicit-any
316:53  Warning: Unexpected any. Specify a different type.  @typescript-eslint/no-explicit-any

./src/domains/applications/live-integration.mp2.test.ts
131:56  Warning: Unexpected any. Specify a different type.  @typescript-eslint/no-explicit-any
169:27  Warning: Unexpected any. Specify a different type.  @typescript-eslint/no-explicit-any
228:48  Warning: Unexpected any. Specify a different type.  @typescript-eslint/no-explicit-any
232:15  Warning: Unexpected any. Specify a different type.  @typescript-eslint/no-explicit-any
241:17  Warning: Unexpected any. Specify a different type.  @typescript-eslint/no-explicit-any
242:17  Warning: Unexpected any. Specify a different type.  @typescript-eslint/no-explicit-any
243:16  Warning: Unexpected any. Specify a different type.  @typescript-eslint/no-explicit-any
488:26  Warning: Unexpected any. Specify a different type.  @typescript-eslint/no-explicit-any
529:16  Warning: Unexpected any. Specify a different type.  @typescript-eslint/no-explicit-any
530:21  Warning: Unexpected any. Specify a different type.  @typescript-eslint/no-explicit-any
570:20  Warning: Unexpected any. Specify a different type.  @typescript-eslint/no-explicit-any
601:64  Warning: Unexpected any. Specify a different type.  @typescript-eslint/no-explicit-any
605:26  Warning: Unexpected any. Specify a different type.  @typescript-eslint/no-explicit-any
612:26  Warning: Unexpected any. Specify a different type.  @typescript-eslint/no-explicit-any
741:39  Warning: Unexpected any. Specify a different type.  @typescript-eslint/no-explicit-any

./src/domains/applications/marketplace-inventory.static.test.ts
143:7  Warning: 'PLACEMENT_ROUTE_HELPER' is assigned a value but never used. Allowed unused vars must match /^_/u.  @typescript-eslint/no-unused-vars
283:10  Warning: 'guardedViaPlacementHelper' is defined but never used. Allowed unused vars must match /^_/u.  @typescript-eslint/no-unused-vars
288:10  Warning: 'usesPlacementHelper' is defined but never used. Allowed unused vars must match /^_/u.  @typescript-eslint/no-unused-vars
406:5  Warning: A `require()` style import is forbidden.  @typescript-eslint/no-require-imports
420:7  Warning: A `require()` style import is forbidden.  @typescript-eslint/no-require-imports
434:7  Warning: A `require()` style import is forbidden.  @typescript-eslint/no-require-imports
480:5  Warning: A `require()` style import is forbidden.  @typescript-eslint/no-require-imports
481:5  Warning: A `require()` style import is forbidden.  @typescript-eslint/no-require-imports
482:16  Warning: A `require()` style import is forbidden.  @typescript-eslint/no-require-imports
512:5  Warning: A `require()` style import is forbidden.  @typescript-eslint/no-require-imports
513:16  Warning: A `require()` style import is forbidden.  @typescript-eslint/no-require-imports
535:5  Warning: A `require()` style import is forbidden.  @typescript-eslint/no-require-imports
536:16  Warning: A `require()` style import is forbidden.  @typescript-eslint/no-require-imports
560:13  Warning: A `require()` style import is forbidden.  @typescript-eslint/no-require-imports
604:5  Warning: A `require()` style import is forbidden.  @typescript-eslint/no-require-imports
607:5  Warning: A `require()` style import is forbidden.  @typescript-eslint/no-require-imports
613:5  Warning: A `require()` style import is forbidden.  @typescript-eslint/no-require-imports
619:16  Warning: A `require()` style import is forbidden.  @typescript-eslint/no-require-imports
638:5  Warning: A `require()` style import is forbidden.  @typescript-eslint/no-require-imports
641:5  Warning: A `require()` style import is forbidden.  @typescript-eslint/no-require-imports
648:5  Warning: A `require()` style import is forbidden.  @typescript-eslint/no-require-imports
657:16  Warning: A `require()` style import is forbidden.  @typescript-eslint/no-require-imports

./src/domains/applications/screening.service.test.ts
4:83  Warning: Unexpected any. Specify a different type.  @typescript-eslint/no-explicit-any
27:55  Warning: Unexpected any. Specify a different type.  @typescript-eslint/no-explicit-any
33:40  Warning: Unexpected any. Specify a different type.  @typescript-eslint/no-explicit-any
56:50  Warning: Unexpected any. Specify a different type.  @typescript-eslint/no-explicit-any
59:52  Warning: Unexpected any. Specify a different type.  @typescript-eslint/no-explicit-any
61:50  Warning: Unexpected any. Specify a different type.  @typescript-eslint/no-explicit-any
67:47  Warning: Unexpected any. Specify a different type.  @typescript-eslint/no-explicit-any
69:47  Warning: Unexpected any. Specify a different type.  @typescript-eslint/no-explicit-any
75:55  Warning: Unexpected any. Specify a different type.  @typescript-eslint/no-explicit-any
84:50  Warning: Unexpected any. Specify a different type.  @typescript-eslint/no-explicit-any
89:50  Warning: Unexpected any. Specify a different type.  @typescript-eslint/no-explicit-any
96:69  Warning: Unexpected any. Specify a different type.  @typescript-eslint/no-explicit-any

./src/domains/attendance/4role-attendance.integration.test.ts
102:59  Warning: Unexpected any. Specify a different type.  @typescript-eslint/no-explicit-any
104:19  Warning: Unexpected any. Specify a different type.  @typescript-eslint/no-explicit-any
108:19  Warning: Unexpected any. Specify a different type.  @typescript-eslint/no-explicit-any
117:24  Warning: Unexpected any. Specify a different type.  @typescript-eslint/no-explicit-any
137:22  Warning: Unexpected any. Specify a different type.  @typescript-eslint/no-explicit-any
141:22  Warning: Unexpected any. Specify a different type.  @typescript-eslint/no-explicit-any
152:25  Warning: Unexpected any. Specify a different type.  @typescript-eslint/no-explicit-any
153:22  Warning: Unexpected any. Specify a different type.  @typescript-eslint/no-explicit-any
156:38  Warning: Unexpected any. Specify a different type.  @typescript-eslint/no-explicit-any

./src/domains/attendance/e2e-attendance-narrative.integration.test.ts
89:59  Warning: Unexpected any. Specify a different type.  @typescript-eslint/no-explicit-any
91:19  Warning: Unexpected any. Specify a different type.  @typescript-eslint/no-explicit-any
95:19  Warning: Unexpected any. Specify a different type.  @typescript-eslint/no-explicit-any
103:22  Warning: Unexpected any. Specify a different type.  @typescript-eslint/no-explicit-any
107:22  Warning: Unexpected any. Specify a different type.  @typescript-eslint/no-explicit-any
120:22  Warning: Unexpected any. Specify a different type.  @typescript-eslint/no-explicit-any
131:24  Warning: Unexpected any. Specify a different type.  @typescript-eslint/no-explicit-any
144:21  Warning: Unexpected any. Specify a different type.  @typescript-eslint/no-explicit-any
159:25  Warning: Unexpected any. Specify a different type.  @typescript-eslint/no-explicit-any
163:38  Warning: Unexpected any. Specify a different type.  @typescript-eslint/no-explicit-any

./src/domains/attendance/import.service.ts
30:23  Warning: 'PrismaClient' is defined but never used. Allowed unused vars must match /^_/u.  @typescript-eslint/no-unused-vars

./src/domains/attendance/ticket.service.test.ts
40:17  Warning: Unexpected any. Specify a different type.  @typescript-eslint/no-explicit-any
41:19  Warning: Unexpected any. Specify a different type.  @typescript-eslint/no-explicit-any
42:15  Warning: Unexpected any. Specify a different type.  @typescript-eslint/no-explicit-any
45:14  Warning: Unexpected any. Specify a different type.  @typescript-eslint/no-explicit-any
52:13  Warning: Unexpected any. Specify a different type.  @typescript-eslint/no-explicit-any
69:12  Warning: Unexpected any. Specify a different type.  @typescript-eslint/no-explicit-any
79:17  Warning: Unexpected any. Specify a different type.  @typescript-eslint/no-explicit-any
82:23  Warning: Unexpected any. Specify a different type.  @typescript-eslint/no-explicit-any
84:36  Warning: Unexpected any. Specify a different type.  @typescript-eslint/no-explicit-any
92:36  Warning: Unexpected any. Specify a different type.  @typescript-eslint/no-explicit-any
94:42  Warning: Unexpected any. Specify a different type.  @typescript-eslint/no-explicit-any
97:40  Warning: Unexpected any. Specify a different type.  @typescript-eslint/no-explicit-any
107:43  Warning: Unexpected any. Specify a different type.  @typescript-eslint/no-explicit-any
110:50  Warning: Unexpected any. Specify a different type.  @typescript-eslint/no-explicit-any
115:38  Warning: Unexpected any. Specify a different type.  @typescript-eslint/no-explicit-any
119:83  Warning: Irregular whitespace not allowed.  no-irregular-whitespace
129:49  Warning: Unexpected any. Specify a different type.  @typescript-eslint/no-explicit-any
139:38  Warning: Unexpected any. Specify a different type.  @typescript-eslint/no-explicit-any
148:41  Warning: Unexpected any. Specify a different type.  @typescript-eslint/no-explicit-any
153:38  Warning: Unexpected any. Specify a different type.  @typescript-eslint/no-explicit-any
160:38  Warning: Unexpected any. Specify a different type.  @typescript-eslint/no-explicit-any
174:43  Warning: Unexpected any. Specify a different type.  @typescript-eslint/no-explicit-any
178:38  Warning: Unexpected any. Specify a different type.  @typescript-eslint/no-explicit-any
199:41  Warning: Unexpected any. Specify a different type.  @typescript-eslint/no-explicit-any
250:27  Warning: Unexpected any. Specify a different type.  @typescript-eslint/no-explicit-any
261:24  Warning: Unexpected any. Specify a different type.  @typescript-eslint/no-explicit-any
261:50  Warning: Unexpected any. Specify a different type.  @typescript-eslint/no-explicit-any
563:61  Warning: Irregular whitespace not allowed.  no-irregular-whitespace
565:34  Warning: Unexpected any. Specify a different type.  @typescript-eslint/no-explicit-any

./src/domains/attendance/timesheet.service.ts
147:69  Warning: Unexpected any. Specify a different type.  @typescript-eslint/no-explicit-any
157:41  Warning: Unexpected any. Specify a different type.  @typescript-eslint/no-explicit-any

./src/domains/commission/golden.test.ts
58:30  Warning: Unexpected any. Specify a different type.  @typescript-eslint/no-explicit-any
63:13  Warning: Unexpected any. Specify a different type.  @typescript-eslint/no-explicit-any
80:42  Warning: Unexpected any. Specify a different type.  @typescript-eslint/no-explicit-any
95:41  Warning: Unexpected any. Specify a different type.  @typescript-eslint/no-explicit-any
102:43  Warning: Unexpected any. Specify a different type.  @typescript-eslint/no-explicit-any
103:38  Warning: Unexpected any. Specify a different type.  @typescript-eslint/no-explicit-any
129:45  Warning: Unexpected any. Specify a different type.  @typescript-eslint/no-explicit-any
137:41  Warning: Unexpected any. Specify a different type.  @typescript-eslint/no-explicit-any
144:38  Warning: Unexpected any. Specify a different type.  @typescript-eslint/no-explicit-any
159:45  Warning: Unexpected any. Specify a different type.  @typescript-eslint/no-explicit-any
170:38  Warning: Unexpected any. Specify a different type.  @typescript-eslint/no-explicit-any
200:11  Warning: Unexpected any. Specify a different type.  @typescript-eslint/no-explicit-any

./src/domains/commission/ledger.service.test.ts
22:6  Warning: Unexpected any. Specify a different type.  @typescript-eslint/no-explicit-any
90:10  Warning: Unexpected any. Specify a different type.  @typescript-eslint/no-explicit-any

./src/domains/commission/ledger.service.ts
574:23  Warning: Unexpected any. Specify a different type.  @typescript-eslint/no-explicit-any
580:57  Warning: Unexpected any. Specify a different type.  @typescript-eslint/no-explicit-any
581:61  Warning: Unexpected any. Specify a different type.  @typescript-eslint/no-explicit-any

./src/domains/crm/client-read.service.test.ts
6:32  Warning: Unexpected any. Specify a different type.  @typescript-eslint/no-explicit-any
45:37  Warning: Unexpected any. Specify a different type.  @typescript-eslint/no-explicit-any
70:37  Warning: Unexpected any. Specify a different type.  @typescript-eslint/no-explicit-any

./src/domains/crm/project-read.service.test.ts
5:32  Warning: Unexpected any. Specify a different type.  @typescript-eslint/no-explicit-any

./src/domains/job-board/components/landing/featured-job-card.tsx
3:15  Warning: 'EnrichedJob' is defined but never used. Allowed unused vars must match /^_/u.  @typescript-eslint/no-unused-vars

./src/domains/job-board/components/landing/recruitment-highlight.tsx
58:5  Warning: Unused eslint-disable directive (no problems were reported from 'react-hooks/exhaustive-deps').

./src/domains/job-board/mp1.contract.test.ts
41:8  Warning: Unexpected any. Specify a different type.  @typescript-eslint/no-explicit-any
68:8  Warning: Unexpected any. Specify a different type.  @typescript-eslint/no-explicit-any
121:10  Warning: Unexpected any. Specify a different type.  @typescript-eslint/no-explicit-any

./src/domains/job-board/public-board-architecture.test.ts
140:3  Warning: Unused eslint-disable directive (no problems were reported from '@typescript-eslint/no-unused-vars').

./src/domains/job-board/public-listing.static.test.ts
205:9  Warning: 'home' is assigned a value but never used. Allowed unused vars must match /^_/u.  @typescript-eslint/no-unused-vars

./src/domains/job-board/public-types.ts
21:15  Warning: 'EnrichedJob' is defined but never used. Allowed unused vars must match /^_/u.  @typescript-eslint/no-unused-vars

./src/domains/job-board/public-ui-premium.static.test.ts
52:7  Warning: 'AREAS_SRC' is assigned a value but never used. Allowed unused vars must match /^_/u.  @typescript-eslint/no-unused-vars

./src/domains/reconciliation/dispute.service.ts
430:71  Warning: Unexpected any. Specify a different type.  @typescript-eslint/no-explicit-any
430:90  Warning: Unexpected any. Specify a different type.  @typescript-eslint/no-explicit-any
433:69  Warning: Unexpected any. Specify a different type.  @typescript-eslint/no-explicit-any
433:88  Warning: Unexpected any. Specify a different type.  @typescript-eslint/no-explicit-any

./src/domains/reconciliation/reconciliation-unit.test.ts
18:27  Warning: 'MarginPermissionError' is defined but never used. Allowed unused vars must match /^_/u.  @typescript-eslint/no-unused-vars
22:3  Warning: 'confirmStatement' is defined but never used. Allowed unused vars must match /^_/u.  @typescript-eslint/no-unused-vars
36:44  Warning: Unexpected any. Specify a different type.  @typescript-eslint/no-explicit-any
55:42  Warning: Unexpected any. Specify a different type.  @typescript-eslint/no-explicit-any
57:60  Warning: Unexpected any. Specify a different type.  @typescript-eslint/no-explicit-any
58:46  Warning: Unexpected any. Specify a different type.  @typescript-eslint/no-explicit-any
71:40  Warning: Unexpected any. Specify a different type.  @typescript-eslint/no-explicit-any
97:59  Warning: Unexpected any. Specify a different type.  @typescript-eslint/no-explicit-any
100:31  Warning: Unexpected any. Specify a different type.  @typescript-eslint/no-explicit-any
103:29  Warning: Unexpected any. Specify a different type.  @typescript-eslint/no-explicit-any
113:31  Warning: Unexpected any. Specify a different type.  @typescript-eslint/no-explicit-any
113:97  Warning: Unexpected any. Specify a different type.  @typescript-eslint/no-explicit-any
116:30  Warning: Unexpected any. Specify a different type.  @typescript-eslint/no-explicit-any
127:83  Warning: Unexpected any. Specify a different type.  @typescript-eslint/no-explicit-any
145:30  Warning: Unexpected any. Specify a different type.  @typescript-eslint/no-explicit-any
154:26  Warning: Unexpected any. Specify a different type.  @typescript-eslint/no-explicit-any
163:40  Warning: Unexpected any. Specify a different type.  @typescript-eslint/no-explicit-any
175:29  Warning: Unexpected any. Specify a different type.  @typescript-eslint/no-explicit-any
187:30  Warning: Unexpected any. Specify a different type.  @typescript-eslint/no-explicit-any
197:26  Warning: Unexpected any. Specify a different type.  @typescript-eslint/no-explicit-any
204:33  Warning: Unexpected any. Specify a different type.  @typescript-eslint/no-explicit-any
214:37  Warning: Unexpected any. Specify a different type.  @typescript-eslint/no-explicit-any
225:30  Warning: Unexpected any. Specify a different type.  @typescript-eslint/no-explicit-any
234:26  Warning: Unexpected any. Specify a different type.  @typescript-eslint/no-explicit-any
243:29  Warning: Unexpected any. Specify a different type.  @typescript-eslint/no-explicit-any
255:30  Warning: Unexpected any. Specify a different type.  @typescript-eslint/no-explicit-any
265:26  Warning: Unexpected any. Specify a different type.  @typescript-eslint/no-explicit-any
272:33  Warning: Unexpected any. Specify a different type.  @typescript-eslint/no-explicit-any
278:37  Warning: Unexpected any. Specify a different type.  @typescript-eslint/no-explicit-any
289:29  Warning: Unexpected any. Specify a different type.  @typescript-eslint/no-explicit-any
297:29  Warning: Unexpected any. Specify a different type.  @typescript-eslint/no-explicit-any
303:38  Warning: Unexpected any. Specify a different type.  @typescript-eslint/no-explicit-any
311:10  Warning: 'accountantCtx' is defined but never used. Allowed unused vars must match /^_/u.  @typescript-eslint/no-unused-vars
446:24  Warning: Unexpected any. Specify a different type.  @typescript-eslint/no-explicit-any

./src/domains/referrals/attribution-redirect.route.test.ts
73:10  Warning: 'RATE_LIMIT_RULES' is defined but never used. Allowed unused vars must match /^_/u.  @typescript-eslint/no-unused-vars
196:59  Warning: 'input' is defined but never used. Allowed unused args must match /^_/u.  @typescript-eslint/no-unused-vars

./src/domains/referrals/attribution-redirect.service.test.ts
81:13  Warning: Unexpected any. Specify a different type.  @typescript-eslint/no-explicit-any
98:20  Warning: Unexpected any. Specify a different type.  @typescript-eslint/no-explicit-any
103:20  Warning: Unexpected any. Specify a different type.  @typescript-eslint/no-explicit-any
113:17  Warning: Unexpected any. Specify a different type.  @typescript-eslint/no-explicit-any

./src/domains/referrals/redirect-token.test.ts
99:28  Warning: A `require()` style import is forbidden.  @typescript-eslint/no-require-imports
101:11  Warning: 'fromBase64Url' is assigned a value but never used. Allowed unused vars must match /^_/u.  @typescript-eslint/no-unused-vars

./src/domains/referrals/redirect-token.ts
23:11  Warning: 'TokenPayload' is defined but never used. Allowed unused vars must match /^_/u.  @typescript-eslint/no-unused-vars

./src/domains/staffing/4role-jobboard.integration.test.ts
10:3  Warning: 'listPublicJobs' is defined but never used. Allowed unused vars must match /^_/u.  @typescript-eslint/no-unused-vars
43:67  Warning: Unexpected any. Specify a different type.  @typescript-eslint/no-explicit-any
44:32  Warning: Unexpected any. Specify a different type.  @typescript-eslint/no-explicit-any
76:36  Warning: Unexpected any. Specify a different type.  @typescript-eslint/no-explicit-any
77:38  Warning: Unexpected any. Specify a different type.  @typescript-eslint/no-explicit-any
80:34  Warning: Unexpected any. Specify a different type.  @typescript-eslint/no-explicit-any
81:36  Warning: Unexpected any. Specify a different type.  @typescript-eslint/no-explicit-any
82:33  Warning: Unexpected any. Specify a different type.  @typescript-eslint/no-explicit-any
83:34  Warning: Unexpected any. Specify a different type.  @typescript-eslint/no-explicit-any
92:34  Warning: Unexpected any. Specify a different type.  @typescript-eslint/no-explicit-any
93:38  Warning: Unexpected any. Specify a different type.  @typescript-eslint/no-explicit-any
94:37  Warning: Unexpected any. Specify a different type.  @typescript-eslint/no-explicit-any
95:36  Warning: Unexpected any. Specify a different type.  @typescript-eslint/no-explicit-any
96:33  Warning: Unexpected any. Specify a different type.  @typescript-eslint/no-explicit-any
97:34  Warning: Unexpected any. Specify a different type.  @typescript-eslint/no-explicit-any
106:38  Warning: Unexpected any. Specify a different type.  @typescript-eslint/no-explicit-any
111:50  Warning: Unexpected any. Specify a different type.  @typescript-eslint/no-explicit-any
150:46  Warning: Unexpected any. Specify a different type.  @typescript-eslint/no-explicit-any
175:42  Warning: Unexpected any. Specify a different type.  @typescript-eslint/no-explicit-any
183:37  Warning: Unexpected any. Specify a different type.  @typescript-eslint/no-explicit-any
194:50  Warning: Unexpected any. Specify a different type.  @typescript-eslint/no-explicit-any
205:37  Warning: Unexpected any. Specify a different type.  @typescript-eslint/no-explicit-any
207:66  Warning: Unexpected any. Specify a different type.  @typescript-eslint/no-explicit-any
219:37  Warning: Unexpected any. Specify a different type.  @typescript-eslint/no-explicit-any
221:66  Warning: Unexpected any. Specify a different type.  @typescript-eslint/no-explicit-any
234:44  Warning: Unexpected any. Specify a different type.  @typescript-eslint/no-explicit-any
246:37  Warning: Unexpected any. Specify a different type.  @typescript-eslint/no-explicit-any
248:72  Warning: Unexpected any. Specify a different type.  @typescript-eslint/no-explicit-any
260:50  Warning: Unexpected any. Specify a different type.  @typescript-eslint/no-explicit-any

./src/domains/staffing/4role-staffing.integration.test.ts
13:32  Warning: 'beforeEach' is defined but never used. Allowed unused vars must match /^_/u.  @typescript-eslint/no-unused-vars
14:15  Warning: 'Prisma' is defined but never used. Allowed unused vars must match /^_/u.  @typescript-eslint/no-unused-vars
19:51  Warning: 'getStaffingOrder' is defined but never used. Allowed unused vars must match /^_/u.  @typescript-eslint/no-unused-vars
20:26  Warning: 'TransferServiceError' is defined but never used. Allowed unused vars must match /^_/u.  @typescript-eslint/no-unused-vars
23:10  Warning: 'enqueueOutbox' is defined but never used. Allowed unused vars must match /^_/u.  @typescript-eslint/no-unused-vars
107:13  Warning: Unexpected any. Specify a different type.  @typescript-eslint/no-explicit-any
117:34  Warning: Unexpected any. Specify a different type.  @typescript-eslint/no-explicit-any
124:36  Warning: Unexpected any. Specify a different type.  @typescript-eslint/no-explicit-any
125:34  Warning: Unexpected any. Specify a different type.  @typescript-eslint/no-explicit-any
126:34  Warning: Unexpected any. Specify a different type.  @typescript-eslint/no-explicit-any
135:36  Warning: Unexpected any. Specify a different type.  @typescript-eslint/no-explicit-any
136:38  Warning: Unexpected any. Specify a different type.  @typescript-eslint/no-explicit-any
137:34  Warning: Unexpected any. Specify a different type.  @typescript-eslint/no-explicit-any
138:34  Warning: Unexpected any. Specify a different type.  @typescript-eslint/no-explicit-any
145:33  Warning: Unexpected any. Specify a different type.  @typescript-eslint/no-explicit-any
148:36  Warning: Unexpected any. Specify a different type.  @typescript-eslint/no-explicit-any
151:36  Warning: Unexpected any. Specify a different type.  @typescript-eslint/no-explicit-any
152:38  Warning: Unexpected any. Specify a different type.  @typescript-eslint/no-explicit-any
153:34  Warning: Unexpected any. Specify a different type.  @typescript-eslint/no-explicit-any
162:36  Warning: Unexpected any. Specify a different type.  @typescript-eslint/no-explicit-any
166:33  Warning: Unexpected any. Specify a different type.  @typescript-eslint/no-explicit-any
172:37  Warning: Unexpected any. Specify a different type.  @typescript-eslint/no-explicit-any
175:37  Warning: Unexpected any. Specify a different type.  @typescript-eslint/no-explicit-any
178:37  Warning: Unexpected any. Specify a different type.  @typescript-eslint/no-explicit-any
267:51  Warning: Unexpected any. Specify a different type.  @typescript-eslint/no-explicit-any
277:49  Warning: Unexpected any. Specify a different type.  @typescript-eslint/no-explicit-any
298:49  Warning: Unexpected any. Specify a different type.  @typescript-eslint/no-explicit-any
309:49  Warning: Unexpected any. Specify a different type.  @typescript-eslint/no-explicit-any
319:49  Warning: Unexpected any. Specify a different type.  @typescript-eslint/no-explicit-any
332:47  Warning: Unexpected any. Specify a different type.  @typescript-eslint/no-explicit-any
350:47  Warning: Unexpected any. Specify a different type.  @typescript-eslint/no-explicit-any
366:39  Warning: Unexpected any. Specify a different type.  @typescript-eslint/no-explicit-any
380:39  Warning: Unexpected any. Specify a different type.  @typescript-eslint/no-explicit-any
398:40  Warning: Unexpected any. Specify a different type.  @typescript-eslint/no-explicit-any
407:40  Warning: Unexpected any. Specify a different type.  @typescript-eslint/no-explicit-any
407:75  Warning: Unexpected any. Specify a different type.  @typescript-eslint/no-explicit-any
420:54  Warning: Unexpected any. Specify a different type.  @typescript-eslint/no-explicit-any
420:66  Warning: Unexpected any. Specify a different type.  @typescript-eslint/no-explicit-any

./src/domains/staffing/e2e-staffing-narrative.integration.test.ts
18:32  Warning: 'beforeEach' is defined but never used. Allowed unused vars must match /^_/u.  @typescript-eslint/no-unused-vars
20:10  Warning: 'createStaffingOrder' is defined but never used. Allowed unused vars must match /^_/u.  @typescript-eslint/no-unused-vars
20:51  Warning: 'getStaffingOrder' is defined but never used. Allowed unused vars must match /^_/u.  @typescript-eslint/no-unused-vars
22:10  Warning: 'evaluateReferralGuard' is defined but never used. Allowed unused vars must match /^_/u.  @typescript-eslint/no-unused-vars
76:28  Warning: Unexpected any. Specify a different type.  @typescript-eslint/no-explicit-any
78:60  Warning: Unexpected any. Specify a different type.  @typescript-eslint/no-explicit-any
91:34  Warning: Unexpected any. Specify a different type.  @typescript-eslint/no-explicit-any
98:36  Warning: Unexpected any. Specify a different type.  @typescript-eslint/no-explicit-any
99:34  Warning: Unexpected any. Specify a different type.  @typescript-eslint/no-explicit-any
100:34  Warning: Unexpected any. Specify a different type.  @typescript-eslint/no-explicit-any
109:36  Warning: Unexpected any. Specify a different type.  @typescript-eslint/no-explicit-any
110:38  Warning: Unexpected any. Specify a different type.  @typescript-eslint/no-explicit-any
111:34  Warning: Unexpected any. Specify a different type.  @typescript-eslint/no-explicit-any
112:34  Warning: Unexpected any. Specify a different type.  @typescript-eslint/no-explicit-any
119:33  Warning: Unexpected any. Specify a different type.  @typescript-eslint/no-explicit-any
122:36  Warning: Unexpected any. Specify a different type.  @typescript-eslint/no-explicit-any
125:36  Warning: Unexpected any. Specify a different type.  @typescript-eslint/no-explicit-any
126:38  Warning: Unexpected any. Specify a different type.  @typescript-eslint/no-explicit-any
127:34  Warning: Unexpected any. Specify a different type.  @typescript-eslint/no-explicit-any
136:36  Warning: Unexpected any. Specify a different type.  @typescript-eslint/no-explicit-any
140:33  Warning: Unexpected any. Specify a different type.  @typescript-eslint/no-explicit-any
143:58  Warning: Unexpected any. Specify a different type.  @typescript-eslint/no-explicit-any
144:47  Warning: Unexpected any. Specify a different type.  @typescript-eslint/no-explicit-any
145:53  Warning: Unexpected any. Specify a different type.  @typescript-eslint/no-explicit-any
151:38  Warning: Unexpected any. Specify a different type.  @typescript-eslint/no-explicit-any
236:60  Warning: Unexpected any. Specify a different type.  @typescript-eslint/no-explicit-any
239:35  Warning: Unexpected any. Specify a different type.  @typescript-eslint/no-explicit-any
257:40  Warning: Unexpected any. Specify a different type.  @typescript-eslint/no-explicit-any
274:37  Warning: Unexpected any. Specify a different type.  @typescript-eslint/no-explicit-any
278:39  Warning: Unexpected any. Specify a different type.  @typescript-eslint/no-explicit-any
294:71  Warning: Unexpected any. Specify a different type.  @typescript-eslint/no-explicit-any
295:71  Warning: Unexpected any. Specify a different type.  @typescript-eslint/no-explicit-any
299:47  Warning: Unexpected any. Specify a different type.  @typescript-eslint/no-explicit-any
314:93  Warning: Unexpected any. Specify a different type.  @typescript-eslint/no-explicit-any
354:39  Warning: Unexpected any. Specify a different type.  @typescript-eslint/no-explicit-any

./src/domains/staffing/job-opening-activation.service.test.ts
34:7  Warning: 'hrManagerCtx' is assigned a value but never used. Allowed unused vars must match /^_/u.  @typescript-eslint/no-unused-vars

./src/domains/staffing/job-opening-read.service.test.ts
5:32  Warning: Unexpected any. Specify a different type.  @typescript-eslint/no-explicit-any

./src/domains/staffing/job-opening-status.test.ts
38:60  Warning: Unexpected any. Specify a different type.  @typescript-eslint/no-explicit-any
51:60  Warning: Unexpected any. Specify a different type.  @typescript-eslint/no-explicit-any
63:60  Warning: Unexpected any. Specify a different type.  @typescript-eslint/no-explicit-any
75:52  Warning: Unexpected any. Specify a different type.  @typescript-eslint/no-explicit-any
85:60  Warning: Unexpected any. Specify a different type.  @typescript-eslint/no-explicit-any

./src/domains/staffing/job-opening-status.ts
22:7  Warning: 'CANONICAL_STATUSES' is assigned a value but only used as a type. Allowed unused vars must match /^_/u.  @typescript-eslint/no-unused-vars
23:6  Warning: 'CanonicalStatus' is defined but never used. Allowed unused vars must match /^_/u.  @typescript-eslint/no-unused-vars

./src/domains/staffing/job-posting-list.service.test.ts
37:10  Warning: Unexpected any. Specify a different type.  @typescript-eslint/no-explicit-any
39:15  Warning: Unexpected any. Specify a different type.  @typescript-eslint/no-explicit-any
123:41  Warning: Unexpected any. Specify a different type.  @typescript-eslint/no-explicit-any
143:41  Warning: Unexpected any. Specify a different type.  @typescript-eslint/no-explicit-any
149:41  Warning: Unexpected any. Specify a different type.  @typescript-eslint/no-explicit-any
155:42  Warning: Unexpected any. Specify a different type.  @typescript-eslint/no-explicit-any
158:42  Warning: Unexpected any. Specify a different type.  @typescript-eslint/no-explicit-any
164:41  Warning: Unexpected any. Specify a different type.  @typescript-eslint/no-explicit-any
170:41  Warning: Unexpected any. Specify a different type.  @typescript-eslint/no-explicit-any
176:41  Warning: Unexpected any. Specify a different type.  @typescript-eslint/no-explicit-any
182:41  Warning: Unexpected any. Specify a different type.  @typescript-eslint/no-explicit-any
188:41  Warning: Unexpected any. Specify a different type.  @typescript-eslint/no-explicit-any
194:41  Warning: Unexpected any. Specify a different type.  @typescript-eslint/no-explicit-any
202:54  Warning: Unexpected any. Specify a different type.  @typescript-eslint/no-explicit-any
216:57  Warning: Unexpected any. Specify a different type.  @typescript-eslint/no-explicit-any
228:57  Warning: Unexpected any. Specify a different type.  @typescript-eslint/no-explicit-any
236:54  Warning: Unexpected any. Specify a different type.  @typescript-eslint/no-explicit-any
244:48  Warning: Unexpected any. Specify a different type.  @typescript-eslint/no-explicit-any
253:54  Warning: Unexpected any. Specify a different type.  @typescript-eslint/no-explicit-any
260:54  Warning: Unexpected any. Specify a different type.  @typescript-eslint/no-explicit-any
267:54  Warning: Unexpected any. Specify a different type.  @typescript-eslint/no-explicit-any
293:51  Warning: Unexpected any. Specify a different type.  @typescript-eslint/no-explicit-any
324:51  Warning: Unexpected any. Specify a different type.  @typescript-eslint/no-explicit-any
331:46  Warning: Unexpected any. Specify a different type.  @typescript-eslint/no-explicit-any

./src/domains/staffing/order.service.test.ts
15:15  Warning: 'Prisma' is defined but never used. Allowed unused vars must match /^_/u.  @typescript-eslint/no-unused-vars
54:7  Warning: 'PM_CTX' is assigned a value but never used. Allowed unused vars must match /^_/u.  @typescript-eslint/no-unused-vars
107:54  Warning: Unexpected any. Specify a different type.  @typescript-eslint/no-explicit-any
142:39  Warning: Unexpected any. Specify a different type.  @typescript-eslint/no-explicit-any
145:39  Warning: Unexpected any. Specify a different type.  @typescript-eslint/no-explicit-any
168:13  Warning: 'result' is assigned a value but never used. Allowed unused vars must match /^_/u.  @typescript-eslint/no-unused-vars
168:60  Warning: Unexpected any. Specify a different type.  @typescript-eslint/no-explicit-any
183:41  Warning: Unexpected any. Specify a different type.  @typescript-eslint/no-explicit-any
190:41  Warning: Unexpected any. Specify a different type.  @typescript-eslint/no-explicit-any
209:62  Warning: Unexpected any. Specify a different type.  @typescript-eslint/no-explicit-any
216:38  Warning: Unexpected any. Specify a different type.  @typescript-eslint/no-explicit-any
232:43  Warning: Unexpected any. Specify a different type.  @typescript-eslint/no-explicit-any
252:51  Warning: Unexpected any. Specify a different type.  @typescript-eslint/no-explicit-any

./src/domains/staffing/order.service.ts
24:10  Warning: 'SCOPE_REGISTRY' is defined but never used. Allowed unused vars must match /^_/u.  @typescript-eslint/no-unused-vars
29:3  Warning: 'CreateSlotInput' is defined but never used. Allowed unused vars must match /^_/u.  @typescript-eslint/no-unused-vars

./src/domains/staffing/referral-guard.service.test.ts
24:15  Warning: 'evaluateReferralGuard' is assigned a value but never used. Allowed unused vars must match /^_/u.  @typescript-eslint/no-unused-vars

./src/domains/staffing/submission.service.test.ts
44:67  Warning: Unexpected any. Specify a different type.  @typescript-eslint/no-explicit-any
46:32  Warning: Unexpected any. Specify a different type.  @typescript-eslint/no-explicit-any
64:73  Warning: Unexpected any. Specify a different type.  @typescript-eslint/no-explicit-any
66:37  Warning: Unexpected any. Specify a different type.  @typescript-eslint/no-explicit-any
84:36  Warning: Unexpected any. Specify a different type.  @typescript-eslint/no-explicit-any
85:38  Warning: Unexpected any. Specify a different type.  @typescript-eslint/no-explicit-any
88:34  Warning: Unexpected any. Specify a different type.  @typescript-eslint/no-explicit-any
89:38  Warning: Unexpected any. Specify a different type.  @typescript-eslint/no-explicit-any
90:36  Warning: Unexpected any. Specify a different type.  @typescript-eslint/no-explicit-any
91:33  Warning: Unexpected any. Specify a different type.  @typescript-eslint/no-explicit-any
92:34  Warning: Unexpected any. Specify a different type.  @typescript-eslint/no-explicit-any
101:34  Warning: Unexpected any. Specify a different type.  @typescript-eslint/no-explicit-any
102:38  Warning: Unexpected any. Specify a different type.  @typescript-eslint/no-explicit-any
103:37  Warning: Unexpected any. Specify a different type.  @typescript-eslint/no-explicit-any
104:36  Warning: Unexpected any. Specify a different type.  @typescript-eslint/no-explicit-any
105:33  Warning: Unexpected any. Specify a different type.  @typescript-eslint/no-explicit-any
106:34  Warning: Unexpected any. Specify a different type.  @typescript-eslint/no-explicit-any
115:38  Warning: Unexpected any. Specify a different type.  @typescript-eslint/no-explicit-any
120:50  Warning: Unexpected any. Specify a different type.  @typescript-eslint/no-explicit-any
138:10  Warning: 'vendorCtx' is defined but never used. Allowed unused vars must match /^_/u.  @typescript-eslint/no-unused-vars
171:47  Warning: Unexpected any. Specify a different type.  @typescript-eslint/no-explicit-any
180:47  Warning: Unexpected any. Specify a different type.  @typescript-eslint/no-explicit-any
200:46  Warning: Unexpected any. Specify a different type.  @typescript-eslint/no-explicit-any
227:38  Warning: Unexpected any. Specify a different type.  @typescript-eslint/no-explicit-any
233:38  Warning: Unexpected any. Specify a different type.  @typescript-eslint/no-explicit-any
256:38  Warning: Unexpected any. Specify a different type.  @typescript-eslint/no-explicit-any
277:37  Warning: Unexpected any. Specify a different type.  @typescript-eslint/no-explicit-any
279:66  Warning: Unexpected any. Specify a different type.  @typescript-eslint/no-explicit-any
283:72  Warning: Unexpected any. Specify a different type.  @typescript-eslint/no-explicit-any
296:44  Warning: Unexpected any. Specify a different type.  @typescript-eslint/no-explicit-any
310:44  Warning: Unexpected any. Specify a different type.  @typescript-eslint/no-explicit-any
322:44  Warning: Unexpected any. Specify a different type.  @typescript-eslint/no-explicit-any
338:37  Warning: Unexpected any. Specify a different type.  @typescript-eslint/no-explicit-any
340:66  Warning: Unexpected any. Specify a different type.  @typescript-eslint/no-explicit-any
343:72  Warning: Unexpected any. Specify a different type.  @typescript-eslint/no-explicit-any
356:44  Warning: Unexpected any. Specify a different type.  @typescript-eslint/no-explicit-any
372:50  Warning: Unexpected any. Specify a different type.  @typescript-eslint/no-explicit-any
382:42  Warning: Unexpected any. Specify a different type.  @typescript-eslint/no-explicit-any
398:45  Warning: Unexpected any. Specify a different type.  @typescript-eslint/no-explicit-any
408:37  Warning: Unexpected any. Specify a different type.  @typescript-eslint/no-explicit-any

./src/domains/staffing/submission.service.ts
117:34  Warning: Unexpected any. Specify a different type.  @typescript-eslint/no-explicit-any
121:31  Warning: Unexpected any. Specify a different type.  @typescript-eslint/no-explicit-any

./src/domains/staffing/talent-pool.repo.test.ts
44:8  Warning: Unexpected any. Specify a different type.  @typescript-eslint/no-explicit-any
71:52  Warning: Unexpected any. Specify a different type.  @typescript-eslint/no-explicit-any
86:37  Warning: Unexpected any. Specify a different type.  @typescript-eslint/no-explicit-any
98:37  Warning: Unexpected any. Specify a different type.  @typescript-eslint/no-explicit-any
110:58  Warning: Unexpected any. Specify a different type.  @typescript-eslint/no-explicit-any

./src/domains/staffing/transfer.service.test.ts
87:56  Warning: 'data' is defined but never used. Allowed unused args must match /^_/u.  @typescript-eslint/no-unused-vars
87:64  Warning: Unexpected any. Specify a different type.  @typescript-eslint/no-explicit-any
95:49  Warning: Unexpected any. Specify a different type.  @typescript-eslint/no-explicit-any
116:30  Warning: Unexpected any. Specify a different type.  @typescript-eslint/no-explicit-any
134:30  Warning: Unexpected any. Specify a different type.  @typescript-eslint/no-explicit-any
146:30  Warning: Unexpected any. Specify a different type.  @typescript-eslint/no-explicit-any
158:30  Warning: Unexpected any. Specify a different type.  @typescript-eslint/no-explicit-any
175:30  Warning: Unexpected any. Specify a different type.  @typescript-eslint/no-explicit-any
208:61  Warning: Unexpected any. Specify a different type.  @typescript-eslint/no-explicit-any
211:12  Warning: Unexpected any. Specify a different type.  @typescript-eslint/no-explicit-any
249:58  Warning: Unexpected any. Specify a different type.  @typescript-eslint/no-explicit-any
256:49  Warning: Unexpected any. Specify a different type.  @typescript-eslint/no-explicit-any
291:58  Warning: Unexpected any. Specify a different type.  @typescript-eslint/no-explicit-any
298:49  Warning: Unexpected any. Specify a different type.  @typescript-eslint/no-explicit-any
330:58  Warning: Unexpected any. Specify a different type.  @typescript-eslint/no-explicit-any
337:49  Warning: Unexpected any. Specify a different type.  @typescript-eslint/no-explicit-any
369:58  Warning: Unexpected any. Specify a different type.  @typescript-eslint/no-explicit-any
376:49  Warning: Unexpected any. Specify a different type.  @typescript-eslint/no-explicit-any
406:58  Warning: Unexpected any. Specify a different type.  @typescript-eslint/no-explicit-any
413:49  Warning: Unexpected any. Specify a different type.  @typescript-eslint/no-explicit-any
441:58  Warning: Unexpected any. Specify a different type.  @typescript-eslint/no-explicit-any
448:34  Warning: Unexpected any. Specify a different type.  @typescript-eslint/no-explicit-any
481:58  Warning: Unexpected any. Specify a different type.  @typescript-eslint/no-explicit-any
488:34  Warning: Unexpected any. Specify a different type.  @typescript-eslint/no-explicit-any

./src/domains/staffing/transfer.service.ts
220:9  Warning: 'fromProject' is assigned a value but never used. Allowed unused vars must match /^_/u.  @typescript-eslint/no-unused-vars
228:9  Warning: 'positionCode' is assigned a value but never used. Allowed unused vars must match /^_/u.  @typescript-eslint/no-unused-vars
229:9  Warning: 'positionTitle' is assigned a value but never used. Allowed unused vars must match /^_/u.  @typescript-eslint/no-unused-vars

./src/domains/talent/admin.labor-profiles.route.test.ts
21:14  Warning: Unexpected any. Specify a different type.  @typescript-eslint/no-explicit-any
22:26  Warning: Unexpected any. Specify a different type.  @typescript-eslint/no-explicit-any
34:88  Warning: Unexpected any. Specify a different type.  @typescript-eslint/no-explicit-any
37:32  Warning: Unexpected any. Specify a different type.  @typescript-eslint/no-explicit-any
46:23  Warning: Unexpected any. Specify a different type.  @typescript-eslint/no-explicit-any
52:10  Warning: Unexpected any. Specify a different type.  @typescript-eslint/no-explicit-any
79:23  Warning: Unexpected any. Specify a different type.  @typescript-eslint/no-explicit-any
85:10  Warning: Unexpected any. Specify a different type.  @typescript-eslint/no-explicit-any

./src/domains/talent/handling-assignment.service.test.ts
38:54  Warning: Unexpected any. Specify a different type.  @typescript-eslint/no-explicit-any
38:91  Warning: Unexpected any. Specify a different type.  @typescript-eslint/no-explicit-any
71:57  Warning: Unexpected any. Specify a different type.  @typescript-eslint/no-explicit-any
86:57  Warning: Unexpected any. Specify a different type.  @typescript-eslint/no-explicit-any
103:57  Warning: Unexpected any. Specify a different type.  @typescript-eslint/no-explicit-any
104:54  Warning: Unexpected any. Specify a different type.  @typescript-eslint/no-explicit-any
104:91  Warning: Unexpected any. Specify a different type.  @typescript-eslint/no-explicit-any
105:32  Warning: Unexpected any. Specify a different type.  @typescript-eslint/no-explicit-any
141:57  Warning: Unexpected any. Specify a different type.  @typescript-eslint/no-explicit-any
142:54  Warning: Unexpected any. Specify a different type.  @typescript-eslint/no-explicit-any
142:91  Warning: Unexpected any. Specify a different type.  @typescript-eslint/no-explicit-any
143:32  Warning: Unexpected any. Specify a different type.  @typescript-eslint/no-explicit-any
169:57  Warning: Unexpected any. Specify a different type.  @typescript-eslint/no-explicit-any
173:32  Warning: Unexpected any. Specify a different type.  @typescript-eslint/no-explicit-any
174:54  Warning: Unexpected any. Specify a different type.  @typescript-eslint/no-explicit-any
174:91  Warning: Unexpected any. Specify a different type.  @typescript-eslint/no-explicit-any
187:57  Warning: Unexpected any. Specify a different type.  @typescript-eslint/no-explicit-any
219:57  Warning: Unexpected any. Specify a different type.  @typescript-eslint/no-explicit-any
221:58  Warning: Unexpected any. Specify a different type.  @typescript-eslint/no-explicit-any
222:54  Warning: Unexpected any. Specify a different type.  @typescript-eslint/no-explicit-any
222:91  Warning: Unexpected any. Specify a different type.  @typescript-eslint/no-explicit-any
223:32  Warning: Unexpected any. Specify a different type.  @typescript-eslint/no-explicit-any
263:57  Warning: Unexpected any. Specify a different type.  @typescript-eslint/no-explicit-any
264:58  Warning: Unexpected any. Specify a different type.  @typescript-eslint/no-explicit-any
265:54  Warning: Unexpected any. Specify a different type.  @typescript-eslint/no-explicit-any
265:91  Warning: Unexpected any. Specify a different type.  @typescript-eslint/no-explicit-any
266:54  Warning: Unexpected any. Specify a different type.  @typescript-eslint/no-explicit-any
266:91  Warning: Unexpected any. Specify a different type.  @typescript-eslint/no-explicit-any
267:32  Warning: Unexpected any. Specify a different type.  @typescript-eslint/no-explicit-any
306:57  Warning: Unexpected any. Specify a different type.  @typescript-eslint/no-explicit-any
307:58  Warning: Unexpected any. Specify a different type.  @typescript-eslint/no-explicit-any
308:54  Warning: Unexpected any. Specify a different type.  @typescript-eslint/no-explicit-any
308:91  Warning: Unexpected any. Specify a different type.  @typescript-eslint/no-explicit-any
309:32  Warning: Unexpected any. Specify a different type.  @typescript-eslint/no-explicit-any
331:57  Warning: Unexpected any. Specify a different type.  @typescript-eslint/no-explicit-any
332:58  Warning: Unexpected any. Specify a different type.  @typescript-eslint/no-explicit-any
395:57  Warning: Unexpected any. Specify a different type.  @typescript-eslint/no-explicit-any
396:32  Warning: Unexpected any. Specify a different type.  @typescript-eslint/no-explicit-any
404:12  Warning: Unexpected any. Specify a different type.  @typescript-eslint/no-explicit-any

./src/domains/talent/handling-assignment.service.ts
62:17  Warning: Unexpected any. Specify a different type.  @typescript-eslint/no-explicit-any

./src/domains/talent/intake-writer.service.test.ts
52:13  Warning: Unexpected any. Specify a different type.  @typescript-eslint/no-explicit-any

./src/domains/talent/labor-profile.read-service.test.ts
20:21  Warning: Unexpected any. Specify a different type.  @typescript-eslint/no-explicit-any
21:18  Warning: Unexpected any. Specify a different type.  @typescript-eslint/no-explicit-any
22:23  Warning: Unexpected any. Specify a different type.  @typescript-eslint/no-explicit-any
23:15  Warning: Unexpected any. Specify a different type.  @typescript-eslint/no-explicit-any

./src/domains/talent/labor-profile.service.test.ts
54:13  Warning: Unexpected any. Specify a different type.  @typescript-eslint/no-explicit-any

./src/domains/talent/placement.resolution.test.ts
26:13  Warning: Unexpected any. Specify a different type.  @typescript-eslint/no-explicit-any
28:32  Warning: Unexpected any. Specify a different type.  @typescript-eslint/no-explicit-any
35:32  Warning: Unexpected any. Specify a different type.  @typescript-eslint/no-explicit-any
42:32  Warning: Unexpected any. Specify a different type.  @typescript-eslint/no-explicit-any

./src/domains/talent/placement.service.test.ts
79:13  Warning: Unexpected any. Specify a different type.  @typescript-eslint/no-explicit-any
99:43  Warning: Unexpected any. Specify a different type.  @typescript-eslint/no-explicit-any
122:36  Warning: Unexpected any. Specify a different type.  @typescript-eslint/no-explicit-any
142:30  Warning: 'select' is defined but never used. Allowed unused args must match /^_/u.  @typescript-eslint/no-unused-vars
142:40  Warning: Unexpected any. Specify a different type.  @typescript-eslint/no-explicit-any
163:43  Warning: Unexpected any. Specify a different type.  @typescript-eslint/no-explicit-any
171:48  Warning: Unexpected any. Specify a different type.  @typescript-eslint/no-explicit-any
172:48  Warning: Unexpected any. Specify a different type.  @typescript-eslint/no-explicit-any
546:37  Warning: Unexpected any. Specify a different type.  @typescript-eslint/no-explicit-any
578:37  Warning: Unexpected any. Specify a different type.  @typescript-eslint/no-explicit-any
819:33  Warning: Unexpected any. Specify a different type.  @typescript-eslint/no-explicit-any
866:33  Warning: Unexpected any. Specify a different type.  @typescript-eslint/no-explicit-any

./src/domains/talent/placement.service.ts
43:3  Warning: 'assertActiveRecruiterForOrder' is defined but never used. Allowed unused vars must match /^_/u.  @typescript-eslint/no-unused-vars
44:3  Warning: 'assertActiveHandlingForLaborProfile' is defined but never used. Allowed unused vars must match /^_/u.  @typescript-eslint/no-unused-vars

./src/domains/talent/recruiter-assignment.routes.test.ts
134:87  Warning: Unexpected any. Specify a different type.  @typescript-eslint/no-explicit-any
155:98  Warning: Unexpected any. Specify a different type.  @typescript-eslint/no-explicit-any
171:94  Warning: Unexpected any. Specify a different type.  @typescript-eslint/no-explicit-any
183:94  Warning: Unexpected any. Specify a different type.  @typescript-eslint/no-explicit-any
194:94  Warning: Unexpected any. Specify a different type.  @typescript-eslint/no-explicit-any
205:12  Warning: Unexpected any. Specify a different type.  @typescript-eslint/no-explicit-any
227:97  Warning: Unexpected any. Specify a different type.  @typescript-eslint/no-explicit-any
238:12  Warning: Unexpected any. Specify a different type.  @typescript-eslint/no-explicit-any
249:94  Warning: Unexpected any. Specify a different type.  @typescript-eslint/no-explicit-any
267:94  Warning: Unexpected any. Specify a different type.  @typescript-eslint/no-explicit-any
296:98  Warning: Unexpected any. Specify a different type.  @typescript-eslint/no-explicit-any
309:94  Warning: Unexpected any. Specify a different type.  @typescript-eslint/no-explicit-any
322:94  Warning: Unexpected any. Specify a different type.  @typescript-eslint/no-explicit-any
324:85  Warning: Unexpected any. Specify a different type.  @typescript-eslint/no-explicit-any
350:97  Warning: Unexpected any. Specify a different type.  @typescript-eslint/no-explicit-any
361:12  Warning: Unexpected any. Specify a different type.  @typescript-eslint/no-explicit-any
386:94  Warning: Unexpected any. Specify a different type.  @typescript-eslint/no-explicit-any
389:62  Warning: Unexpected any. Specify a different type.  @typescript-eslint/no-explicit-any
415:94  Warning: Unexpected any. Specify a different type.  @typescript-eslint/no-explicit-any
435:90  Warning: Unexpected any. Specify a different type.  @typescript-eslint/no-explicit-any
445:94  Warning: Unexpected any. Specify a different type.  @typescript-eslint/no-explicit-any
453:94  Warning: Unexpected any. Specify a different type.  @typescript-eslint/no-explicit-any
464:12  Warning: Unexpected any. Specify a different type.  @typescript-eslint/no-explicit-any
483:94  Warning: Unexpected any. Specify a different type.  @typescript-eslint/no-explicit-any
506:94  Warning: Unexpected any. Specify a different type.  @typescript-eslint/no-explicit-any
531:94  Warning: Unexpected any. Specify a different type.  @typescript-eslint/no-explicit-any
542:12  Warning: Unexpected any. Specify a different type.  @typescript-eslint/no-explicit-any

./src/domains/talent/recruiter-placement.adapter.test.ts
112:60  Warning: Unexpected any. Specify a different type.  @typescript-eslint/no-explicit-any
150:44  Warning: Unexpected any. Specify a different type.  @typescript-eslint/no-explicit-any
177:44  Warning: Unexpected any. Specify a different type.  @typescript-eslint/no-explicit-any
196:44  Warning: Unexpected any. Specify a different type.  @typescript-eslint/no-explicit-any
215:44  Warning: Unexpected any. Specify a different type.  @typescript-eslint/no-explicit-any
239:44  Warning: Unexpected any. Specify a different type.  @typescript-eslint/no-explicit-any
260:44  Warning: Unexpected any. Specify a different type.  @typescript-eslint/no-explicit-any
279:11  Warning: 'updateMany' is assigned a value but never used. Allowed unused vars must match /^_/u.  @typescript-eslint/no-unused-vars
282:60  Warning: Unexpected any. Specify a different type.  @typescript-eslint/no-explicit-any
337:44  Warning: Unexpected any. Specify a different type.  @typescript-eslint/no-explicit-any
357:48  Warning: Unexpected any. Specify a different type.  @typescript-eslint/no-explicit-any

./src/domains/talent/recruiter-workbench.read-service.test.ts
25:10  Warning: 'beforeEach' is defined but never used. Allowed unused vars must match /^_/u.  @typescript-eslint/no-unused-vars
40:13  Warning: 'permResolver' is defined but never used. Allowed unused vars must match /^_/u.  @typescript-eslint/no-unused-vars

./src/lib/db.ts
4:3  Warning: Unused eslint-disable directive (no problems were reported from 'no-var').

./src/lib/services/bod.service.ts
215:11  Warning: 'filled' is assigned a value but never used. Allowed unused vars must match /^_/u.  @typescript-eslint/no-unused-vars
389:26  Warning: 'pipeline' is assigned a value but never used. Allowed unused vars must match /^_/u.  @typescript-eslint/no-unused-vars

./src/shared/auth/auth-context.test.ts
9:17  Warning: Unexpected any. Specify a different type.  @typescript-eslint/no-explicit-any
10:19  Warning: Unexpected any. Specify a different type.  @typescript-eslint/no-explicit-any
15:37  Warning: Unexpected any. Specify a different type.  @typescript-eslint/no-explicit-any
19:37  Warning: Unexpected any. Specify a different type.  @typescript-eslint/no-explicit-any
26:38  Warning: Unexpected any. Specify a different type.  @typescript-eslint/no-explicit-any
30:41  Warning: Unexpected any. Specify a different type.  @typescript-eslint/no-explicit-any

./src/shared/auth/live-rls-posture.m1-07b.test.ts
263:7  Warning: Unused eslint-disable directive (no problems were reported from 'no-console').

./src/shared/auth/live-ticket-rls-scope.m1-07a.test.ts
56:9  Warning: 'tAdvBHcpId' is assigned a value but never used. Allowed unused vars must match /^_/u.  @typescript-eslint/no-unused-vars
857:59  Warning: Unnecessary escape character: \[.  no-useless-escape

./src/shared/auth/live-ticket-route-boundary.m1-06d.test.ts
112:53  Warning: Unexpected any. Specify a different type.  @typescript-eslint/no-explicit-any
117:52  Warning: Unexpected any. Specify a different type.  @typescript-eslint/no-explicit-any
143:34  Warning: Unexpected any. Specify a different type.  @typescript-eslint/no-explicit-any
193:53  Warning: Unexpected any. Specify a different type.  @typescript-eslint/no-explicit-any

./src/shared/auth/matrix-scope.test.ts
42:37  Warning: Unexpected any. Specify a different type.  @typescript-eslint/no-explicit-any
44:41  Warning: Unexpected any. Specify a different type.  @typescript-eslint/no-explicit-any
56:7  Warning: 'baselineCounts' is never reassigned. Use 'const' instead.  prefer-const
134:52  Warning: Unexpected any. Specify a different type.  @typescript-eslint/no-explicit-any

./src/shared/auth/permission-resolver.test.ts
33:35  Warning: Unexpected any. Specify a different type.  @typescript-eslint/no-explicit-any
37:35  Warning: Unexpected any. Specify a different type.  @typescript-eslint/no-explicit-any
52:41  Warning: Unexpected any. Specify a different type.  @typescript-eslint/no-explicit-any
220:92  Warning: Unexpected any. Specify a different type.  @typescript-eslint/no-explicit-any
221:15  Warning: 'effFiltered' is assigned a value but never used. Allowed unused vars must match /^_/u.  @typescript-eslint/no-unused-vars

./src/shared/auth/require-permission.test.ts
14:51  Warning: Unexpected any. Specify a different type.  @typescript-eslint/no-explicit-any

./src/shared/auth/rls-context.test.ts
66:62  Warning: Unexpected any. Specify a different type.  @typescript-eslint/no-explicit-any

./src/shared/auth/session-adapter.test.ts
17:39  Warning: Unexpected any. Specify a different type.  @typescript-eslint/no-explicit-any
23:46  Warning: Unexpected any. Specify a different type.  @typescript-eslint/no-explicit-any
24:46  Warning: Unexpected any. Specify a different type.  @typescript-eslint/no-explicit-any

./src/shared/auth/with-auth-scope.test.ts
77:45  Warning: Unexpected any. Specify a different type.  @typescript-eslint/no-explicit-any
85:26  Warning: Unexpected any. Specify a different type.  @typescript-eslint/no-explicit-any
92:30  Warning: Unexpected any. Specify a different type.  @typescript-eslint/no-explicit-any
94:23  Warning: Unexpected any. Specify a different type.  @typescript-eslint/no-explicit-any
100:26  Warning: Unexpected any. Specify a different type.  @typescript-eslint/no-explicit-any
132:92  Warning: Unexpected any. Specify a different type.  @typescript-eslint/no-explicit-any
134:30  Warning: Unexpected any. Specify a different type.  @typescript-eslint/no-explicit-any
136:23  Warning: Unexpected any. Specify a different type.  @typescript-eslint/no-explicit-any
142:26  Warning: Unexpected any. Specify a different type.  @typescript-eslint/no-explicit-any
160:32  Warning: Unexpected any. Specify a different type.  @typescript-eslint/no-explicit-any
169:25  Warning: Unexpected any. Specify a different type.  @typescript-eslint/no-explicit-any
176:25  Warning: Unexpected any. Specify a different type.  @typescript-eslint/no-explicit-any
183:25  Warning: Unexpected any. Specify a different type.  @typescript-eslint/no-explicit-any
190:25  Warning: Unexpected any. Specify a different type.  @typescript-eslint/no-explicit-any
197:25  Warning: Unexpected any. Specify a different type.  @typescript-eslint/no-explicit-any
204:30  Warning: Unexpected any. Specify a different type.  @typescript-eslint/no-explicit-any
211:26  Warning: Unexpected any. Specify a different type.  @typescript-eslint/no-explicit-any

./src/shared/auth/with-auth-scope.ts
58:65  Warning: Unexpected any. Specify a different type.  @typescript-eslint/no-explicit-any
59:46  Warning: Unexpected any. Specify a different type.  @typescript-eslint/no-explicit-any

./src/shared/auth/with-authorized-db.test.ts
23:52  Warning: Unexpected any. Specify a different type.  @typescript-eslint/no-explicit-any
29:19  Warning: Unexpected any. Specify a different type.  @typescript-eslint/no-explicit-any
34:37  Warning: Unexpected any. Specify a different type.  @typescript-eslint/no-explicit-any
36:25  Warning: Unexpected any. Specify a different type.  @typescript-eslint/no-explicit-any
45:53  Warning: Unexpected any. Specify a different type.  @typescript-eslint/no-explicit-any
52:35  Warning: Unexpected any. Specify a different type.  @typescript-eslint/no-explicit-any
57:50  Warning: Unexpected any. Specify a different type.  @typescript-eslint/no-explicit-any
72:8  Warning: Unexpected any. Specify a different type.  @typescript-eslint/no-explicit-any
88:20  Warning: Unexpected any. Specify a different type.  @typescript-eslint/no-explicit-any
118:20  Warning: Unexpected any. Specify a different type.  @typescript-eslint/no-explicit-any
127:25  Warning: Unexpected any. Specify a different type.  @typescript-eslint/no-explicit-any
128:25  Warning: Unexpected any. Specify a different type.  @typescript-eslint/no-explicit-any
154:22  Warning: Unexpected any. Specify a different type.  @typescript-eslint/no-explicit-any

./src/shared/integrity/audit.test.ts
20:9  Warning: Unexpected any. Specify a different type.  @typescript-eslint/no-explicit-any
21:13  Warning: Unexpected any. Specify a different type.  @typescript-eslint/no-explicit-any
32:37  Warning: Unexpected any. Specify a different type.  @typescript-eslint/no-explicit-any
107:65  Warning: Unexpected any. Specify a different type.  @typescript-eslint/no-explicit-any

./src/shared/integrity/idempotency.test.ts
30:13  Warning: Unexpected any. Specify a different type.  @typescript-eslint/no-explicit-any
43:41  Warning: Unexpected any. Specify a different type.  @typescript-eslint/no-explicit-any
49:37  Warning: Unexpected any. Specify a different type.  @typescript-eslint/no-explicit-any
53:18  Warning: Unexpected any. Specify a different type.  @typescript-eslint/no-explicit-any
186:11  Warning: 'winnerKey' is assigned a value but never used. Allowed unused vars must match /^_/u.  @typescript-eslint/no-unused-vars

./src/shared/integrity/idempotency.ts
29:37  Warning: 'TBody' is defined but never used. Allowed unused vars must match /^_/u.  @typescript-eslint/no-unused-vars

./src/shared/integrity/outbox.test.ts
20:12  Warning: Unexpected any. Specify a different type.  @typescript-eslint/no-explicit-any
33:37  Warning: Unexpected any. Specify a different type.  @typescript-eslint/no-explicit-any
51:39  Warning: Unexpected any. Specify a different type.  @typescript-eslint/no-explicit-any
64:37  Warning: Unexpected any. Specify a different type.  @typescript-eslint/no-explicit-any
80:70  Warning: Unexpected any. Specify a different type.  @typescript-eslint/no-explicit-any
110:54  Warning: Unexpected any. Specify a different type.  @typescript-eslint/no-explicit-any
129:54  Warning: Unexpected any. Specify a different type.  @typescript-eslint/no-explicit-any
152:39  Warning: Unexpected any. Specify a different type.  @typescript-eslint/no-explicit-any
159:39  Warning: Unexpected any. Specify a different type.  @typescript-eslint/no-explicit-any
175:39  Warning: Unexpected any. Specify a different type.  @typescript-eslint/no-explicit-any
187:54  Warning: Unexpected any. Specify a different type.  @typescript-eslint/no-explicit-any
206:40  Warning: Unexpected any. Specify a different type.  @typescript-eslint/no-explicit-any

./src/shared/integrity/state-machine.test.ts
25:6  Warning: 'TicketType' is defined but never used. Allowed unused vars must match /^_/u.  @typescript-eslint/no-unused-vars

./src/shared/observability/correlation-id.test.ts
14:32  Warning: 'vi' is defined but never used. Allowed unused vars must match /^_/u.  @typescript-eslint/no-unused-vars
14:36  Warning: 'beforeEach' is defined but never used. Allowed unused vars must match /^_/u.  @typescript-eslint/no-unused-vars

./src/shared/observability/logger.test.ts
4:32  Warning: 'beforeEach' is defined but never used. Allowed unused vars must match /^_/u.  @typescript-eslint/no-unused-vars
178:49  Warning: Unexpected any. Specify a different type.  @typescript-eslint/no-explicit-any
184:61  Warning: Unexpected any. Specify a different type.  @typescript-eslint/no-explicit-any
398:51  Warning: Unexpected any. Specify a different type.  @typescript-eslint/no-explicit-any
404:57  Warning: Unexpected any. Specify a different type.  @typescript-eslint/no-explicit-any
410:55  Warning: Unexpected any. Specify a different type.  @typescript-eslint/no-explicit-any
416:21  Warning: Unexpected any. Specify a different type.  @typescript-eslint/no-explicit-any

./src/shared/push/trigger.ts
48:19  Warning: Unexpected any. Specify a different type.  @typescript-eslint/no-explicit-any

./src/shared/ui/admin-detail-foundation.test.ts
34:59  Warning: Unexpected any. Specify a different type.  @typescript-eslint/no-explicit-any

./src/shared/ui/data-table/data-table.tsx
33:8  Warning: 'ColumnFiltersState' is defined but never used. Allowed unused vars must match /^_/u.  @typescript-eslint/no-unused-vars
47:62  Warning: 'NavigateFn' is defined but never used. Allowed unused vars must match /^_/u.  @typescript-eslint/no-unused-vars
411:5  Warning: Unused eslint-disable directive (no problems were reported from 'react-hooks/exhaustive-deps').

./src/shared/ui/internal-contrast.static.test.ts
433:3  Warning: Unused eslint-disable directive (no problems were reported from 'no-console').

./src/shared/utils/date-boundary.test.ts
1:32  Warning: 'vi' is defined but never used. Allowed unused vars must match /^_/u.  @typescript-eslint/no-unused-vars
1:36  Warning: 'beforeEach' is defined but never used. Allowed unused vars must match /^_/u.  @typescript-eslint/no-unused-vars

info  - Need to disable some ESLint rules? Learn more here: https://nextjs.org/docs/app/api-reference/config/eslint#disabling-rules
   Collecting page data ...
   Generating static pages (0/30) ...
   Generating static pages (7/30) 
   Generating static pages (14/30) 
   Generating static pages (22/30) 
 ✓ Generating static pages (30/30)
   Finalizing page optimization ...
   Collecting build traces ...

Route (app)                                                                   Size  First Load JS  Revalidate  Expire
┌ ○ /                                                                      14.7 kB         124 kB          1m      1y
├ ○ /_not-found                                                               1 kB         104 kB
├ ƒ /admin                                                                   172 B         106 kB
├ ƒ /admin/applications                                                    7.73 kB         111 kB
├ ƒ /admin/attendance                                                      3.75 kB         107 kB
├ ƒ /admin/clients                                                         3.16 kB         109 kB
├ ƒ /admin/clients/[id]                                                      171 B         106 kB
├ ƒ /admin/commission/ledger                                               2.26 kB         105 kB
├ ƒ /admin/commission/policies                                             2.22 kB         105 kB
├ ƒ /admin/job-openings/[id]                                               2.24 kB         108 kB
├ ƒ /admin/jobs                                                            3.58 kB         110 kB
├ ƒ /admin/jobs/job-postings                                               2.95 kB         109 kB
├ ƒ /admin/jobs/job-postings/[id]                                           100 kB         206 kB
├ ƒ /admin/labor-profiles                                                    171 B         106 kB
├ ƒ /admin/labor-profiles/[id]                                             2.63 kB         109 kB
├ ƒ /admin/labor-profiles/new                                              2.39 kB         109 kB
├ ƒ /admin/media                                                           5.58 kB         108 kB
├ ƒ /admin/payroll                                                         2.23 kB         105 kB
├ ƒ /admin/projects                                                        3.65 kB         110 kB
├ ƒ /admin/projects/[id]                                                     171 B         106 kB
├ ƒ /admin/reconciliation                                                  2.66 kB         106 kB
├ ƒ /admin/recruiter-workbench                                               29 kB         135 kB
├ ƒ /admin/settings                                                        5.26 kB         108 kB
├ ƒ /admin/staffing                                                        4.41 kB         111 kB
├ ƒ /admin/staffing-orders/[id]                                             3.9 kB         107 kB
├ ƒ /admin/tickets                                                         2.27 kB         105 kB
├ ƒ /admin/users                                                           2.05 kB         105 kB
├ ƒ /admin/vendors                                                         3.04 kB         106 kB
├ ƒ /admin/workers                                                         2.92 kB         106 kB
├ ƒ /api/admin/applications                                                  417 B         103 kB
├ ƒ /api/admin/applications/[id]                                             417 B         103 kB
├ ƒ /api/admin/applications/[id]/actions/convert                             417 B         103 kB
├ ƒ /api/admin/applications/[id]/actions/qualify                             417 B         103 kB
├ ƒ /api/admin/applications/[id]/actions/reject                              417 B         103 kB
├ ƒ /api/admin/applications/[id]/actions/screen                              417 B         103 kB
├ ƒ /api/admin/applications/[id]/claim                                       417 B         103 kB
├ ƒ /api/admin/applications/[id]/status                                      417 B         103 kB
├ ƒ /api/admin/assignments                                                   417 B         103 kB
├ ƒ /api/admin/assignments/preview                                           417 B         103 kB
├ ƒ /api/admin/commission-ledger                                             417 B         103 kB
├ ƒ /api/admin/commission-ledger/[id]/[action]                               417 B         103 kB
├ ƒ /api/admin/commission-policies                                           417 B         103 kB
├ ƒ /api/admin/commission-policies/[id]                                      417 B         103 kB
├ ƒ /api/admin/handling-assignable-users                                     417 B         103 kB
├ ƒ /api/admin/homepage-settings                                             417 B         103 kB
├ ƒ /api/admin/hr-staff-users                                                417 B         103 kB
├ ƒ /api/admin/intake/staff                                                  417 B         103 kB
├ ƒ /api/admin/job-opening-status                                            417 B         103 kB
├ ƒ /api/admin/jobs/job-postings                                             417 B         103 kB
├ ƒ /api/admin/jobs/job-postings/[id]                                        417 B         103 kB
├ ƒ /api/admin/jobs/job-postings/[id]/archive                                417 B         103 kB
├ ƒ /api/admin/jobs/job-postings/[id]/publish                                417 B         103 kB
├ ƒ /api/admin/jobs/job-postings/[id]/unpublish                              417 B         103 kB
├ ƒ /api/admin/labor-profiles                                                417 B         103 kB
├ ƒ /api/admin/labor-profiles/[id]                                           417 B         103 kB
├ ƒ /api/admin/labor-profiles/[id]/handling-assignment-history               417 B         103 kB
├ ƒ /api/admin/labor-profiles/[id]/handling-assignments                      417 B         103 kB
├ ƒ /api/admin/media                                                         417 B         103 kB
├ ƒ /api/admin/media/[id]                                                    417 B         103 kB
├ ƒ /api/admin/media/[id]/assignments                                        417 B         103 kB
├ ƒ /api/admin/media/[id]/assignments/[assignmentId]                         417 B         103 kB
├ ƒ /api/admin/media/assign                                                  417 B         103 kB
├ ƒ /api/admin/media/confirm                                                 417 B         103 kB
├ ƒ /api/admin/media/upload-url                                              417 B         103 kB
├ ƒ /api/admin/my-claimed-candidates                                         417 B         103 kB
├ ƒ /api/admin/placements                                                    417 B         103 kB
├ ƒ /api/admin/placements/[id]/actions/cancel                                417 B         103 kB
├ ƒ /api/admin/placements/[id]/actions/confirm                               417 B         103 kB
├ ƒ /api/admin/placements/[id]/actions/effective                             417 B         103 kB
├ ƒ /api/admin/placements/[id]/actions/fail                                  417 B         103 kB
├ ƒ /api/admin/recruiter-workbench                                           417 B         103 kB
├ ƒ /api/admin/recruiter/placements                                          417 B         103 kB
├ ƒ /api/admin/recruiter/placements/[id]/actions/cancel                      417 B         103 kB
├ ƒ /api/admin/recruiter/placements/[id]/actions/confirm                     417 B         103 kB
├ ƒ /api/admin/recruiter/placements/[id]/actions/effective                   417 B         103 kB
├ ƒ /api/admin/recruiter/placements/[id]/actions/fail                        417 B         103 kB
├ ƒ /api/admin/staffing/job-openings/[id]/classify                           417 B         103 kB
├ ƒ /api/admin/staffing/job-openings/[id]/open                               417 B         103 kB
├ ƒ /api/admin/staffing/orders/[orderId]/recruiters                          417 B         103 kB
├ ƒ /api/admin/staffing/orders/[orderId]/recruiters/[assignmentId]/revoke    417 B         103 kB
├ ƒ /api/admin/staffing/orders/[orderId]/recruiters/me/candidates            417 B         103 kB
├ ƒ /api/admin/users                                                         417 B         103 kB
├ ƒ /api/attendance/adjustments                                              417 B         103 kB
├ ƒ /api/attendance/import                                                   417 B         103 kB
├ ƒ /api/attendance/import/[id]/commit                                       417 B         103 kB
├ ƒ /api/attendance/import/[id]/resolve                                      417 B         103 kB
├ ƒ /api/attendance/timesheets                                               417 B         103 kB
├ ƒ /api/attendance/timesheets/[id]                                          417 B         103 kB
├ ƒ /api/auth/login                                                          417 B         103 kB
├ ƒ /api/auth/logout                                                         417 B         103 kB
├ ƒ /api/clients                                                             417 B         103 kB
├ ƒ /api/clients/[id]                                                        417 B         103 kB
├ ƒ /api/cron/disputes                                                       417 B         103 kB
├ ƒ /api/cron/outbox                                                         417 B         103 kB
├ ƒ /api/ctv/claims                                                          417 B         103 kB
├ ƒ /api/ctv/commission/summary                                              417 B         103 kB
├ ƒ /api/ctv/summary                                                         417 B         103 kB
├ ƒ /api/ctv/withdrawals                                                     417 B         103 kB
├ ƒ /api/debug                                                               417 B         103 kB
├ ƒ /api/disputes                                                            417 B         103 kB
├ ƒ /api/jobs                                                                417 B         103 kB
├ ƒ /api/jobs/[slug]                                                         417 B         103 kB
├ ƒ /api/jobs/apply                                                          417 B         103 kB
├ ƒ /api/jobs/submissions                                                    417 B         103 kB
├ ƒ /api/me                                                                  417 B         103 kB
├ ƒ /api/payroll                                                             417 B         103 kB
├ ƒ /api/projects                                                            417 B         103 kB
├ ƒ /api/projects/[id]                                                       417 B         103 kB
├ ƒ /api/projects/[id]/publish                                               417 B         103 kB
├ ƒ /api/public/applications/[trackingCode]                                  417 B         103 kB
├ ƒ /api/public/homepage-settings                                            417 B         103 kB
├ ƒ /api/public/intake                                                       417 B         103 kB
├ ƒ /api/public/jobs/[slug]/applications                                     417 B         103 kB
├ ƒ /api/public/media                                                        417 B         103 kB
├ ƒ /api/push/subscribe                                                      417 B         103 kB
├ ƒ /api/staffing/orders                                                     417 B         103 kB
├ ƒ /api/staffing/orders/[id]                                                417 B         103 kB
├ ƒ /api/staffing/talent-pool                                                417 B         103 kB
├ ƒ /api/staffing/transfers                                                  417 B         103 kB
├ ƒ /api/statements                                                          417 B         103 kB
├ ƒ /api/statements/generate                                                 417 B         103 kB
├ ƒ /api/statements/margin                                                   417 B         103 kB
├ ƒ /api/tickets                                                             417 B         103 kB
├ ƒ /api/tickets/[id]                                                        417 B         103 kB
├ ƒ /api/tickets/[id]/approve                                                417 B         103 kB
├ ƒ /api/tickets/[id]/cancel                                                 417 B         103 kB
├ ƒ /api/tickets/[id]/pay                                                    417 B         103 kB
├ ƒ /api/tickets/[id]/reject                                                 417 B         103 kB
├ ƒ /api/vendor/orders                                                       417 B         103 kB
├ ƒ /api/vendor/statements                                                   417 B         103 kB
├ ƒ /api/vendor/statements/[id]/confirm                                      417 B         103 kB
├ ƒ /api/vendor/statements/[id]/dispute                                      417 B         103 kB
├ ƒ /api/vendor/statements/[id]/export                                       417 B         103 kB
├ ƒ /api/vendor/submissions                                                  417 B         103 kB
├ ƒ /api/vendors                                                             417 B         103 kB
├ ƒ /api/vendors/[id]                                                        417 B         103 kB
├ ƒ /api/webhook/payslip                                                     417 B         103 kB
├ ƒ /api/worker/attendance                                                   417 B         103 kB
├ ƒ /api/worker/checkins                                                     417 B         103 kB
├ ƒ /api/worker/tickets                                                      417 B         103 kB
├ ƒ /api/workers                                                             417 B         103 kB
├ ƒ /api/workers/[id]                                                        417 B         103 kB
├ ƒ /api/workers/me                                                          417 B         103 kB
├ ƒ /bod                                                                     271 B         103 kB
├ ○ /ctv                                                                   3.44 kB         106 kB
├ ○ /ctv-portal                                                              172 B         106 kB          1m      1y
├ ○ /home                                                                  2.87 kB         109 kB          1m      1y
├ ○ /job-board                                                               417 B         103 kB
├ ○ /jobs                                                                    417 B         103 kB
├ ○ /login                                                                 1.65 kB         105 kB
├ ƒ /r/[code]                                                                417 B         103 kB
├ ○ /track                                                                 1.93 kB         105 kB
├ ○ /ve-chung-toi                                                            417 B         103 kB          1m      1y
├ ○ /vendor                                                                2.67 kB         106 kB
├ ○ /vendor/statements                                                     1.61 kB         104 kB
├ ƒ /viec-lam                                                                172 B         106 kB
├ ƒ /viec-lam/[slug]                                                         909 B         110 kB
└ ○ /worker                                                                3.29 kB         106 kB
+ First Load JS shared by all                                               103 kB
  ├ chunks/1255-a20f6c5e797a687b.js                                        46.4 kB
  ├ chunks/4bd1b696-f785427dddbba9fb.js                                    54.2 kB
  └ other shared chunks (total)                                            2.25 kB


ƒ Middleware                                                               41.4 kB

○  (Static)   prerendered as static content
ƒ  (Dynamic)  server-rendered on demand


[stderr]
Found 1 warning while optimizing generated CSS:

[2m│   }[22m
[2m│ }[22m
[2m│[22m @import url("https://fonts.googleapis.com/css2?family=Material+Symbols+Outlined:wght,FILL@100..700,0..1&display=swap");
[2m┆[22m        [33m[2m^--[22m @import rules must precede all rules aside from @charset and @layer statements[39m
[2m┆[22m
[2m│ :root {[22m
[2m│   --primary: var(--color-primary);[22m


 ⚠ The Next.js plugin was not detected in your ESLint configuration. See https://nextjs.org/docs/app/api-reference/config/eslint#migrating-existing-config

_exit=0
